<?xml version="1.0" encoding="UTF-8"?>
<GenRun Id="impl_1" LaunchPart="xc7a35tftg256-1" LaunchTime="1743479852">
  <File Type="ROUTE-PWR" Name="alchitry_top_power_routed.rpt"/>
  <File Type="PA-TCL" Name="alchitry_top.tcl"/>
  <File Type="OPT-METHODOLOGY-DRC" Name="alchitry_top_methodology_drc_opted.rpt"/>
  <File Type="INIT-TIMING" Name="alchitry_top_timing_summary_init.rpt"/>
  <File Type="ROUTE-PWR-SUM" Name="alchitry_top_power_summary_routed.pb"/>
  <File Type="OPT-RQA-PB" Name="alchitry_top_rqa_opted.pb"/>
  <File Type="REPORTS-TCL" Name="alchitry_top_reports.tcl"/>
  <File Type="OPT-TIMING" Name="alchitry_top_timing_summary_opted.rpt"/>
  <File Type="OPT-DCP" Name="alchitry_top_opt.dcp"/>
  <File Type="OPT-DRC" Name="alchitry_top_drc_opted.rpt"/>
  <File Type="OPT-HWDEF" Name="alchitry_top.hwdef"/>
  <File Type="PWROPT-DCP" Name="alchitry_top_pwropt.dcp"/>
  <File Type="PWROPT-DRC" Name="alchitry_top_drc_pwropted.rpt"/>
  <File Type="PWROPT-TIMING" Name="alchitry_top_timing_summary_pwropted.rpt"/>
  <File Type="PLACE-DCP" Name="alchitry_top_placed.dcp"/>
  <File Type="PLACE-IO" Name="alchitry_top_io_placed.rpt"/>
  <File Type="PLACE-CLK" Name="alchitry_top_clock_utilization_placed.rpt"/>
  <File Type="PLACE-UTIL" Name="alchitry_top_utilization_placed.rpt"/>
  <File Type="PLACE-UTIL-PB" Name="alchitry_top_utilization_placed.pb"/>
  <File Type="PLACE-CTRL" Name="alchitry_top_control_sets_placed.rpt"/>
  <File Type="PLACE-SIMILARITY" Name="alchitry_top_incremental_reuse_placed.rpt"/>
  <File Type="PLACE-PRE-SIMILARITY" Name="alchitry_top_incremental_reuse_pre_placed.rpt"/>
  <File Type="BG-BIN" Name="alchitry_top.bin"/>
  <File Type="PLACE-TIMING" Name="alchitry_top_timing_summary_placed.rpt"/>
  <File Type="ROUTE-PWR-RPX" Name="alchitry_top_power_routed.rpx"/>
  <File Type="PLACE-RQA-PB" Name="alchitry_top_rqa_placed.pb"/>
  <File Type="POSTPLACE-PWROPT-DCP" Name="alchitry_top_postplace_pwropt.dcp"/>
  <File Type="BITSTR-MSK" Name="alchitry_top.msk"/>
  <File Type="POSTPLACE-PWROPT-TIMING" Name="alchitry_top_timing_summary_postplace_pwropted.rpt"/>
  <File Type="PHYSOPT-DCP" Name="alchitry_top_physopt.dcp"/>
  <File Type="PHYSOPT-DRC" Name="alchitry_top_drc_physopted.rpt"/>
  <File Type="BITSTR-RBT" Name="alchitry_top.rbt"/>
  <File Type="PHYSOPT-TIMING" Name="alchitry_top_timing_summary_physopted.rpt"/>
  <File Type="ROUTE-ERROR-DCP" Name="alchitry_top_routed_error.dcp"/>
  <File Type="ROUTE-DCP" Name="alchitry_top_routed.dcp"/>
  <File Type="ROUTE-BLACKBOX-DCP" Name="alchitry_top_routed_bb.dcp"/>
  <File Type="ROUTE-DRC" Name="alchitry_top_drc_routed.rpt"/>
  <File Type="ROUTE-DRC-PB" Name="alchitry_top_drc_routed.pb"/>
  <File Type="ROUTE-DRC-RPX" Name="alchitry_top_drc_routed.rpx"/>
  <File Type="ROUTE-METHODOLOGY-DRC" Name="alchitry_top_methodology_drc_routed.rpt"/>
  <File Type="ROUTE-METHODOLOGY-DRC-RPX" Name="alchitry_top_methodology_drc_routed.rpx"/>
  <File Type="ROUTE-METHODOLOGY-DRC-PB" Name="alchitry_top_methodology_drc_routed.pb"/>
  <File Type="ROUTE-RQS-PB" Name="alchitry_top_rqs_routed.pb"/>
  <File Type="ROUTE-STATUS" Name="alchitry_top_route_status.rpt"/>
  <File Type="ROUTE-STATUS-PB" Name="alchitry_top_route_status.pb"/>
  <File Type="ROUTE-TIMINGSUMMARY" Name="alchitry_top_timing_summary_routed.rpt"/>
  <File Type="ROUTE-TIMING-PB" Name="alchitry_top_timing_summary_routed.pb"/>
  <File Type="ROUTE-TIMING-RPX" Name="alchitry_top_timing_summary_routed.rpx"/>
  <File Type="ROUTE-SIMILARITY" Name="alchitry_top_incremental_reuse_routed.rpt"/>
  <File Type="ROUTE-CLK" Name="alchitry_top_clock_utilization_routed.rpt"/>
  <File Type="ROUTE-BUS-SKEW" Name="alchitry_top_bus_skew_routed.rpt"/>
  <File Type="ROUTE-BUS-SKEW-PB" Name="alchitry_top_bus_skew_routed.pb"/>
  <File Type="ROUTE-BUS-SKEW-RPX" Name="alchitry_top_bus_skew_routed.rpx"/>
  <File Type="POSTROUTE-PHYSOPT-DCP" Name="alchitry_top_postroute_physopt.dcp"/>
  <File Type="POSTROUTE-PHYSOPT-BLACKBOX-DCP" Name="alchitry_top_postroute_physopt_bb.dcp"/>
  <File Type="POSTROUTE-PHYSOPT-TIMING" Name="alchitry_top_timing_summary_postroute_physopted.rpt"/>
  <File Type="POSTROUTE-PHYSOPT-TIMING-PB" Name="alchitry_top_timing_summary_postroute_physopted.pb"/>
  <File Type="POSTROUTE-PHYSOPT-TIMING-RPX" Name="alchitry_top_timing_summary_postroute_physopted.rpx"/>
  <File Type="POSTROUTE-PHYSOPT-BUS-SKEW" Name="alchitry_top_bus_skew_postroute_physopted.rpt"/>
  <File Type="BG-BIT" Name="alchitry_top.bit"/>
  <File Type="POSTROUTE-PHYSOPT-BUS-SKEW-PB" Name="alchitry_top_bus_skew_postroute_physopted.pb"/>
  <File Type="POSTROUTE-PHYSOPT-BUS-SKEW-RPX" Name="alchitry_top_bus_skew_postroute_physopted.rpx"/>
  <File Type="BITSTR-NKY" Name="alchitry_top.nky"/>
  <File Type="BITSTR-BMM" Name="alchitry_top_bd.bmm"/>
  <File Type="BITSTR-MMI" Name="alchitry_top.mmi"/>
  <File Type="PDI-FILE" Name="alchitry_top.pdi"/>
  <File Type="BOOT-PDI-FILE" Name="alchitry_top_boot.pdi"/>
  <File Type="PL-PDI-FILE" Name="alchitry_top_pld.pdi"/>
  <File Type="RCFI_FILE" Name="alchitry_top.rcfi"/>
  <File Type="CFI_FILE" Name="alchitry_top.cfi"/>
  <File Type="RNPI_FILE" Name="alchitry_top.rnpi"/>
  <File Type="NPI_FILE" Name="alchitry_top.npi"/>
  <File Type="RBD_FILE" Name="alchitry_top.rbd"/>
  <File Type="BITSTR-LTX" Name="debug_nets.ltx"/>
  <File Type="BITSTR-LTX" Name="alchitry_top.ltx"/>
  <File Type="BITSTR-SYSDEF" Name="alchitry_top.sysdef"/>
  <File Type="BG-BGN" Name="alchitry_top.bgn"/>
  <File Type="BG-DRC" Name="alchitry_top.drc"/>
  <File Type="RDI-RDI" Name="alchitry_top.vdi"/>
  <File Type="WBT-USG" Name="usage_statistics_webtalk.html"/>
  <File Type="ROUTE-RQS" Name="alchitry_top_routed.rqs"/>
  <File Type="POSTROUTE-PHYSOPT-RQS" Name="alchitry_top_postroute_physopted.rqs"/>
  <File Type="ROUTE-RQS-RPT" Name="route_report_qor_suggestions_0.rpt"/>
  <File Type="POSTROUTE-PHYSOPT-RQS-RPT" Name="postroute_physopt_report_qor_suggestions_0.rpt"/>
  <FileSet Name="sources" Type="DesignSrcs" RelSrcDir="$PSRCDIR/sources_1" RelGenDir="$PGENDIR/sources_1">
    <Filter Type="Srcs"/>
    <File Path="$PSRCDIR/sources_1/imports/source/simple_dual_port_ram.v">
      <FileInfo>
        <Attr Name="ImportPath" Val="$PPRDIR/../source/simple_dual_port_ram.v"/>
        <Attr Name="ImportTime" Val="1743479812"/>
        <Attr Name="UsedIn" Val="synthesis"/>
        <Attr Name="UsedIn" Val="implementation"/>
        <Attr Name="UsedIn" Val="simulation"/>
      </FileInfo>
    </File>
    <File Path="$PSRCDIR/sources_1/imports/source/simple_ram.v">
      <FileInfo>
        <Attr Name="ImportPath" Val="$PPRDIR/../source/simple_ram.v"/>
        <Attr Name="ImportTime" Val="1743479812"/>
        <Attr Name="UsedIn" Val="synthesis"/>
        <Attr Name="UsedIn" Val="implementation"/>
        <Attr Name="UsedIn" Val="simulation"/>
      </FileInfo>
    </File>
    <File Path="$PSRCDIR/sources_1/imports/source/alu.sv">
      <FileInfo>
        <Attr Name="ImportPath" Val="$PPRDIR/../source/alu.sv"/>
        <Attr Name="ImportTime" Val="1743479812"/>
        <Attr Name="UsedIn" Val="synthesis"/>
        <Attr Name="UsedIn" Val="implementation"/>
        <Attr Name="UsedIn" Val="simulation"/>
      </FileInfo>
    </File>
    <File Path="$PSRCDIR/sources_1/imports/source/alu_adder.sv">
      <FileInfo>
        <Attr Name="ImportPath" Val="$PPRDIR/../source/alu_adder.sv"/>
        <Attr Name="ImportTime" Val="1743479812"/>
        <Attr Name="UsedIn" Val="synthesis"/>
        <Attr Name="UsedIn" Val="implementation"/>
        <Attr Name="UsedIn" Val="simulation"/>
      </FileInfo>
    </File>
    <File Path="$PSRCDIR/sources_1/imports/source/alu_adder_rca.sv">
      <FileInfo>
        <Attr Name="ImportPath" Val="$PPRDIR/../source/alu_adder_rca.sv"/>
        <Attr Name="ImportTime" Val="1743479812"/>
        <Attr Name="UsedIn" Val="synthesis"/>
        <Attr Name="UsedIn" Val="implementation"/>
        <Attr Name="UsedIn" Val="simulation"/>
      </FileInfo>
    </File>
    <File Path="$PSRCDIR/sources_1/imports/source/alu_adder_rca_fa.sv">
      <FileInfo>
        <Attr Name="ImportPath" Val="$PPRDIR/../source/alu_adder_rca_fa.sv"/>
        <Attr Name="ImportTime" Val="1743479812"/>
        <Attr Name="UsedIn" Val="synthesis"/>
        <Attr Name="UsedIn" Val="implementation"/>
        <Attr Name="UsedIn" Val="simulation"/>
      </FileInfo>
    </File>
    <File Path="$PSRCDIR/sources_1/imports/source/alu_boolean.sv">
      <FileInfo>
        <Attr Name="ImportPath" Val="$PPRDIR/../source/alu_boolean.sv"/>
        <Attr Name="ImportTime" Val="1743479812"/>
        <Attr Name="UsedIn" Val="synthesis"/>
        <Attr Name="UsedIn" Val="implementation"/>
        <Attr Name="UsedIn" Val="simulation"/>
      </FileInfo>
    </File>
    <File Path="$PSRCDIR/sources_1/imports/source/alu_compare.sv">
      <FileInfo>
        <Attr Name="ImportPath" Val="$PPRDIR/../source/alu_compare.sv"/>
        <Attr Name="ImportTime" Val="1743479812"/>
        <Attr Name="UsedIn" Val="synthesis"/>
        <Attr Name="UsedIn" Val="implementation"/>
        <Attr Name="UsedIn" Val="simulation"/>
      </FileInfo>
    </File>
    <File Path="$PSRCDIR/sources_1/imports/source/alu_shifter.sv">
      <FileInfo>
        <Attr Name="ImportPath" Val="$PPRDIR/../source/alu_shifter.sv"/>
        <Attr Name="ImportTime" Val="1743479812"/>
        <Attr Name="UsedIn" Val="synthesis"/>
        <Attr Name="UsedIn" Val="implementation"/>
        <Attr Name="UsedIn" Val="simulation"/>
      </FileInfo>
    </File>
    <File Path="$PSRCDIR/sources_1/imports/source/alu_shifter_left.sv">
      <FileInfo>
        <Attr Name="ImportPath" Val="$PPRDIR/../source/alu_shifter_left.sv"/>
        <Attr Name="ImportTime" Val="1743479812"/>
        <Attr Name="UsedIn" Val="synthesis"/>
        <Attr Name="UsedIn" Val="implementation"/>
        <Attr Name="UsedIn" Val="simulation"/>
      </FileInfo>
    </File>
    <File Path="$PSRCDIR/sources_1/imports/source/alu_shifter_mux2.sv">
      <FileInfo>
        <Attr Name="ImportPath" Val="$PPRDIR/../source/alu_shifter_mux2.sv"/>
        <Attr Name="ImportTime" Val="1743479812"/>
        <Attr Name="UsedIn" Val="synthesis"/>
        <Attr Name="UsedIn" Val="implementation"/>
        <Attr Name="UsedIn" Val="simulation"/>
      </FileInfo>
    </File>
    <File Path="$PSRCDIR/sources_1/imports/source/alu_shifter_right.sv">
      <FileInfo>
        <Attr Name="ImportPath" Val="$PPRDIR/../source/alu_shifter_right.sv"/>
        <Attr Name="ImportTime" Val="1743479812"/>
        <Attr Name="UsedIn" Val="synthesis"/>
        <Attr Name="UsedIn" Val="implementation"/>
        <Attr Name="UsedIn" Val="simulation"/>
      </FileInfo>
    </File>
    <File Path="$PSRCDIR/sources_1/imports/source/alu_shifter_right_ari.sv">
      <FileInfo>
        <Attr Name="ImportPath" Val="$PPRDIR/../source/alu_shifter_right_ari.sv"/>
        <Attr Name="ImportTime" Val="1743479812"/>
        <Attr Name="UsedIn" Val="synthesis"/>
        <Attr Name="UsedIn" Val="implementation"/>
        <Attr Name="UsedIn" Val="simulation"/>
      </FileInfo>
    </File>
    <File Path="$PSRCDIR/sources_1/imports/source/bin_to_dec.sv">
      <FileInfo>
        <Attr Name="ImportPath" Val="$PPRDIR/../source/bin_to_dec.sv"/>
        <Attr Name="ImportTime" Val="1743479812"/>
        <Attr Name="UsedIn" Val="synthesis"/>
        <Attr Name="UsedIn" Val="implementation"/>
        <Attr Name="UsedIn" Val="simulation"/>
      </FileInfo>
    </File>
    <File Path="$PSRCDIR/sources_1/imports/source/bram.sv">
      <FileInfo>
        <Attr Name="ImportPath" Val="$PPRDIR/../source/bram.sv"/>
        <Attr Name="ImportTime" Val="1743479812"/>
        <Attr Name="UsedIn" Val="synthesis"/>
        <Attr Name="UsedIn" Val="implementation"/>
        <Attr Name="UsedIn" Val="simulation"/>
      </FileInfo>
    </File>
    <File Path="$PSRCDIR/sources_1/imports/source/button_conditioner.sv">
      <FileInfo>
        <Attr Name="ImportPath" Val="$PPRDIR/../source/button_conditioner.sv"/>
        <Attr Name="ImportTime" Val="1743479812"/>
        <Attr Name="UsedIn" Val="synthesis"/>
        <Attr Name="UsedIn" Val="implementation"/>
        <Attr Name="UsedIn" Val="simulation"/>
      </FileInfo>
    </File>
    <File Path="$PSRCDIR/sources_1/imports/source/counter.sv">
      <FileInfo>
        <Attr Name="ImportPath" Val="$PPRDIR/../source/counter.sv"/>
        <Attr Name="ImportTime" Val="1743479812"/>
        <Attr Name="UsedIn" Val="synthesis"/>
        <Attr Name="UsedIn" Val="implementation"/>
        <Attr Name="UsedIn" Val="simulation"/>
      </FileInfo>
    </File>
    <File Path="$PSRCDIR/sources_1/imports/source/display_driver.sv">
      <FileInfo>
        <Attr Name="ImportPath" Val="$PPRDIR/../source/display_driver.sv"/>
        <Attr Name="ImportTime" Val="1743479812"/>
        <Attr Name="UsedIn" Val="synthesis"/>
        <Attr Name="UsedIn" Val="implementation"/>
        <Attr Name="UsedIn" Val="simulation"/>
      </FileInfo>
    </File>
    <File Path="$PSRCDIR/sources_1/imports/source/edge_detector.sv">
      <FileInfo>
        <Attr Name="ImportPath" Val="$PPRDIR/../source/edge_detector.sv"/>
        <Attr Name="ImportTime" Val="1743479812"/>
        <Attr Name="UsedIn" Val="synthesis"/>
        <Attr Name="UsedIn" Val="implementation"/>
        <Attr Name="UsedIn" Val="simulation"/>
      </FileInfo>
    </File>
    <File Path="$PSRCDIR/sources_1/imports/source/fifo.sv">
      <FileInfo>
        <Attr Name="ImportPath" Val="$PPRDIR/../source/fifo.sv"/>
        <Attr Name="ImportTime" Val="1743479812"/>
        <Attr Name="UsedIn" Val="synthesis"/>
        <Attr Name="UsedIn" Val="implementation"/>
        <Attr Name="UsedIn" Val="simulation"/>
      </FileInfo>
    </File>
    <File Path="$PSRCDIR/sources_1/imports/source/fsm.sv">
      <FileInfo>
        <Attr Name="ImportPath" Val="$PPRDIR/../source/fsm.sv"/>
        <Attr Name="ImportTime" Val="1743479812"/>
        <Attr Name="UsedIn" Val="synthesis"/>
        <Attr Name="UsedIn" Val="implementation"/>
        <Attr Name="UsedIn" Val="simulation"/>
      </FileInfo>
    </File>
    <File Path="$PSRCDIR/sources_1/imports/source/multi_seven_seg.sv">
      <FileInfo>
        <Attr Name="ImportPath" Val="$PPRDIR/../source/multi_seven_seg.sv"/>
        <Attr Name="ImportTime" Val="1743479812"/>
        <Attr Name="UsedIn" Val="synthesis"/>
        <Attr Name="UsedIn" Val="implementation"/>
        <Attr Name="UsedIn" Val="simulation"/>
      </FileInfo>
    </File>
    <File Path="$PSRCDIR/sources_1/imports/source/pipeline.sv">
      <FileInfo>
        <Attr Name="ImportPath" Val="$PPRDIR/../source/pipeline.sv"/>
        <Attr Name="ImportTime" Val="1743479812"/>
        <Attr Name="UsedIn" Val="synthesis"/>
        <Attr Name="UsedIn" Val="implementation"/>
        <Attr Name="UsedIn" Val="simulation"/>
      </FileInfo>
    </File>
    <File Path="$PSRCDIR/sources_1/imports/source/regfile.sv">
      <FileInfo>
        <Attr Name="ImportPath" Val="$PPRDIR/../source/regfile.sv"/>
        <Attr Name="ImportTime" Val="1743479812"/>
        <Attr Name="UsedIn" Val="synthesis"/>
        <Attr Name="UsedIn" Val="implementation"/>
        <Attr Name="UsedIn" Val="simulation"/>
      </FileInfo>
    </File>
    <File Path="$PSRCDIR/sources_1/imports/source/reset_conditioner.sv">
      <FileInfo>
        <Attr Name="ImportPath" Val="$PPRDIR/../source/reset_conditioner.sv"/>
        <Attr Name="ImportTime" Val="1743479812"/>
        <Attr Name="UsedIn" Val="synthesis"/>
        <Attr Name="UsedIn" Val="implementation"/>
        <Attr Name="UsedIn" Val="simulation"/>
      </FileInfo>
    </File>
    <File Path="$PSRCDIR/sources_1/imports/source/alchitry_top.sv">
      <FileInfo>
        <Attr Name="ImportPath" Val="$PPRDIR/../source/alchitry_top.sv"/>
        <Attr Name="ImportTime" Val="1743479812"/>
        <Attr Name="UsedIn" Val="synthesis"/>
        <Attr Name="UsedIn" Val="implementation"/>
        <Attr Name="UsedIn" Val="simulation"/>
      </FileInfo>
    </File>
    <File Path="$PSRCDIR/sources_1/imports/source/decoder.sv">
      <FileInfo>
        <Attr Name="AutoDisabled" Val="1"/>
        <Attr Name="ImportPath" Val="$PPRDIR/../source/decoder.sv"/>
        <Attr Name="ImportTime" Val="1743479812"/>
        <Attr Name="UsedIn" Val="synthesis"/>
        <Attr Name="UsedIn" Val="implementation"/>
        <Attr Name="UsedIn" Val="simulation"/>
      </FileInfo>
    </File>
    <File Path="$PSRCDIR/sources_1/imports/source/seven_seg.sv">
      <FileInfo>
        <Attr Name="AutoDisabled" Val="1"/>
        <Attr Name="ImportPath" Val="$PPRDIR/../source/seven_seg.sv"/>
        <Attr Name="ImportTime" Val="1743479812"/>
        <Attr Name="UsedIn" Val="synthesis"/>
        <Attr Name="UsedIn" Val="implementation"/>
        <Attr Name="UsedIn" Val="simulation"/>
      </FileInfo>
    </File>
    <File Path="$PSRCDIR/sources_1/imports/source/lucid_globals.sv">
      <FileInfo>
        <Attr Name="AutoDisabled" Val="1"/>
        <Attr Name="ImportPath" Val="$PPRDIR/../source/lucid_globals.sv"/>
        <Attr Name="ImportTime" Val="1743479812"/>
        <Attr Name="UsedIn" Val="synthesis"/>
        <Attr Name="UsedIn" Val="implementation"/>
        <Attr Name="UsedIn" Val="simulation"/>
      </FileInfo>
    </File>
    <Config>
      <Option Name="DesignMode" Val="RTL"/>
      <Option Name="TopModule" Val="alchitry_top"/>
      <Option Name="TopAutoSet" Val="TRUE"/>
    </Config>
  </FileSet>
  <FileSet Name="constrs_in" Type="Constrs" RelSrcDir="$PSRCDIR/constrs_1" RelGenDir="$PGENDIR/constrs_1">
    <Filter Type="Constrs"/>
    <File Path="$PPRDIR/../constraint/alchitry.xdc">
      <FileInfo>
        <Attr Name="UsedIn" Val="synthesis"/>
        <Attr Name="UsedIn" Val="implementation"/>
      </FileInfo>
    </File>
    <File Path="$PPRDIR/../constraint/au_props.xdc">
      <FileInfo>
        <Attr Name="UsedIn" Val="synthesis"/>
        <Attr Name="UsedIn" Val="implementation"/>
      </FileInfo>
    </File>
    <Config>
      <Option Name="ConstrsType" Val="XDC"/>
    </Config>
  </FileSet>
  <FileSet Name="utils" Type="Utils" RelSrcDir="$PSRCDIR/utils_1" RelGenDir="$PGENDIR/utils_1">
    <Filter Type="Utils"/>
    <Config>
      <Option Name="TopAutoSet" Val="TRUE"/>
    </Config>
  </FileSet>
  <Strategy Version="1" Minor="2">
    <StratHandle Name="Vivado Implementation Defaults" Flow="Vivado Implementation 2024">
      <Desc>Default settings for Implementation.</Desc>
    </StratHandle>
    <Step Id="init_design"/>
    <Step Id="opt_design"/>
    <Step Id="power_opt_design"/>
    <Step Id="place_design"/>
    <Step Id="post_place_power_opt_design"/>
    <Step Id="phys_opt_design"/>
    <Step Id="route_design"/>
    <Step Id="post_route_phys_opt_design"/>
    <Step Id="write_bitstream">
      <Option Id="BinFile">1</Option>
    </Step>
  </Strategy>
</GenRun>
