<?xml version="1.0" encoding="UTF-8"?>
<GenRun Id="synth_1" LaunchPart="xc7a35tftg256-1" LaunchTime="1743479816">
  <File Type="PA-TCL" Name="alchitry_top.tcl"/>
  <File Type="RDS-PROPCONSTRS" Name="alchitry_top_drc_synth.rpt"/>
  <File Type="REPORTS-TCL" Name="alchitry_top_reports.tcl"/>
  <File Type="RDS-RDS" Name="alchitry_top.vds"/>
  <File Type="RDS-UTIL" Name="alchitry_top_utilization_synth.rpt"/>
  <File Type="RDS-UTIL-PB" Name="alchitry_top_utilization_synth.pb"/>
  <File Type="RDS-DCP" Name="alchitry_top.dcp"/>
  <File Type="VDS-TIMINGSUMMARY" Name="alchitry_top_timing_summary_synth.rpt"/>
  <File Type="VDS-TIMING-PB" Name="alchitry_top_timing_summary_synth.pb"/>
  <FileSet Name="sources" Type="DesignSrcs" RelSrcDir="$PSRCDIR/sources_1" RelGenDir="$PGENDIR/sources_1">
    <Filter Type="Srcs"/>
    <File Path="$PSRCDIR/sources_1/imports/source/simple_dual_port_ram.v">
      <FileInfo>
        <Attr Name="ImportPath" Val="$PPRDIR/../source/simple_dual_port_ram.v"/>
        <Attr Name="ImportTime" Val="1743479812"/>
        <Attr Name="UsedIn" Val="synthesis"/>
        <Attr Name="UsedIn" Val="implementation"/>
        <Attr Name="UsedIn" Val="simulation"/>
      </FileInfo>
    </File>
    <File Path="$PSRCDIR/sources_1/imports/source/simple_ram.v">
      <FileInfo>
        <Attr Name="ImportPath" Val="$PPRDIR/../source/simple_ram.v"/>
        <Attr Name="ImportTime" Val="1743479812"/>
        <Attr Name="UsedIn" Val="synthesis"/>
        <Attr Name="UsedIn" Val="implementation"/>
        <Attr Name="UsedIn" Val="simulation"/>
      </FileInfo>
    </File>
    <File Path="$PSRCDIR/sources_1/imports/source/alu.sv">
      <FileInfo>
        <Attr Name="ImportPath" Val="$PPRDIR/../source/alu.sv"/>
        <Attr Name="ImportTime" Val="1743479812"/>
        <Attr Name="UsedIn" Val="synthesis"/>
        <Attr Name="UsedIn" Val="implementation"/>
        <Attr Name="UsedIn" Val="simulation"/>
      </FileInfo>
    </File>
    <File Path="$PSRCDIR/sources_1/imports/source/alu_adder.sv">
      <FileInfo>
        <Attr Name="ImportPath" Val="$PPRDIR/../source/alu_adder.sv"/>
        <Attr Name="ImportTime" Val="1743479812"/>
        <Attr Name="UsedIn" Val="synthesis"/>
        <Attr Name="UsedIn" Val="implementation"/>
        <Attr Name="UsedIn" Val="simulation"/>
      </FileInfo>
    </File>
    <File Path="$PSRCDIR/sources_1/imports/source/alu_adder_rca.sv">
      <FileInfo>
        <Attr Name="ImportPath" Val="$PPRDIR/../source/alu_adder_rca.sv"/>
        <Attr Name="ImportTime" Val="1743479812"/>
        <Attr Name="UsedIn" Val="synthesis"/>
        <Attr Name="UsedIn" Val="implementation"/>
        <Attr Name="UsedIn" Val="simulation"/>
      </FileInfo>
    </File>
    <File Path="$PSRCDIR/sources_1/imports/source/alu_adder_rca_fa.sv">
      <FileInfo>
        <Attr Name="ImportPath" Val="$PPRDIR/../source/alu_adder_rca_fa.sv"/>
        <Attr Name="ImportTime" Val="1743479812"/>
        <Attr Name="UsedIn" Val="synthesis"/>
        <Attr Name="UsedIn" Val="implementation"/>
        <Attr Name="UsedIn" Val="simulation"/>
      </FileInfo>
    </File>
    <File Path="$PSRCDIR/sources_1/imports/source/alu_boolean.sv">
      <FileInfo>
        <Attr Name="ImportPath" Val="$PPRDIR/../source/alu_boolean.sv"/>
        <Attr Name="ImportTime" Val="1743479812"/>
        <Attr Name="UsedIn" Val="synthesis"/>
        <Attr Name="UsedIn" Val="implementation"/>
        <Attr Name="UsedIn" Val="simulation"/>
      </FileInfo>
    </File>
    <File Path="$PSRCDIR/sources_1/imports/source/alu_compare.sv">
      <FileInfo>
        <Attr Name="ImportPath" Val="$PPRDIR/../source/alu_compare.sv"/>
        <Attr Name="ImportTime" Val="1743479812"/>
        <Attr Name="UsedIn" Val="synthesis"/>
        <Attr Name="UsedIn" Val="implementation"/>
        <Attr Name="UsedIn" Val="simulation"/>
      </FileInfo>
    </File>
    <File Path="$PSRCDIR/sources_1/imports/source/alu_shifter.sv">
      <FileInfo>
        <Attr Name="ImportPath" Val="$PPRDIR/../source/alu_shifter.sv"/>
        <Attr Name="ImportTime" Val="1743479812"/>
        <Attr Name="UsedIn" Val="synthesis"/>
        <Attr Name="UsedIn" Val="implementation"/>
        <Attr Name="UsedIn" Val="simulation"/>
      </FileInfo>
    </File>
    <File Path="$PSRCDIR/sources_1/imports/source/alu_shifter_left.sv">
      <FileInfo>
        <Attr Name="ImportPath" Val="$PPRDIR/../source/alu_shifter_left.sv"/>
        <Attr Name="ImportTime" Val="1743479812"/>
        <Attr Name="UsedIn" Val="synthesis"/>
        <Attr Name="UsedIn" Val="implementation"/>
        <Attr Name="UsedIn" Val="simulation"/>
      </FileInfo>
    </File>
    <File Path="$PSRCDIR/sources_1/imports/source/alu_shifter_mux2.sv">
      <FileInfo>
        <Attr Name="ImportPath" Val="$PPRDIR/../source/alu_shifter_mux2.sv"/>
        <Attr Name="ImportTime" Val="1743479812"/>
        <Attr Name="UsedIn" Val="synthesis"/>
        <Attr Name="UsedIn" Val="implementation"/>
        <Attr Name="UsedIn" Val="simulation"/>
      </FileInfo>
    </File>
    <File Path="$PSRCDIR/sources_1/imports/source/alu_shifter_right.sv">
      <FileInfo>
        <Attr Name="ImportPath" Val="$PPRDIR/../source/alu_shifter_right.sv"/>
        <Attr Name="ImportTime" Val="1743479812"/>
        <Attr Name="UsedIn" Val="synthesis"/>
        <Attr Name="UsedIn" Val="implementation"/>
        <Attr Name="UsedIn" Val="simulation"/>
      </FileInfo>
    </File>
    <File Path="$PSRCDIR/sources_1/imports/source/alu_shifter_right_ari.sv">
      <FileInfo>
        <Attr Name="ImportPath" Val="$PPRDIR/../source/alu_shifter_right_ari.sv"/>
        <Attr Name="ImportTime" Val="1743479812"/>
        <Attr Name="UsedIn" Val="synthesis"/>
        <Attr Name="UsedIn" Val="implementation"/>
        <Attr Name="UsedIn" Val="simulation"/>
      </FileInfo>
    </File>
    <File Path="$PSRCDIR/sources_1/imports/source/bin_to_dec.sv">
      <FileInfo>
        <Attr Name="ImportPath" Val="$PPRDIR/../source/bin_to_dec.sv"/>
        <Attr Name="ImportTime" Val="1743479812"/>
        <Attr Name="UsedIn" Val="synthesis"/>
        <Attr Name="UsedIn" Val="implementation"/>
        <Attr Name="UsedIn" Val="simulation"/>
      </FileInfo>
    </File>
    <File Path="$PSRCDIR/sources_1/imports/source/bram.sv">
      <FileInfo>
        <Attr Name="ImportPath" Val="$PPRDIR/../source/bram.sv"/>
        <Attr Name="ImportTime" Val="1743479812"/>
        <Attr Name="UsedIn" Val="synthesis"/>
        <Attr Name="UsedIn" Val="implementation"/>
        <Attr Name="UsedIn" Val="simulation"/>
      </FileInfo>
    </File>
    <File Path="$PSRCDIR/sources_1/imports/source/button_conditioner.sv">
      <FileInfo>
        <Attr Name="ImportPath" Val="$PPRDIR/../source/button_conditioner.sv"/>
        <Attr Name="ImportTime" Val="1743479812"/>
        <Attr Name="UsedIn" Val="synthesis"/>
        <Attr Name="UsedIn" Val="implementation"/>
        <Attr Name="UsedIn" Val="simulation"/>
      </FileInfo>
    </File>
    <File Path="$PSRCDIR/sources_1/imports/source/counter.sv">
      <FileInfo>
        <Attr Name="ImportPath" Val="$PPRDIR/../source/counter.sv"/>
        <Attr Name="ImportTime" Val="1743479812"/>
        <Attr Name="UsedIn" Val="synthesis"/>
        <Attr Name="UsedIn" Val="implementation"/>
        <Attr Name="UsedIn" Val="simulation"/>
      </FileInfo>
    </File>
    <File Path="$PSRCDIR/sources_1/imports/source/display_driver.sv">
      <FileInfo>
        <Attr Name="ImportPath" Val="$PPRDIR/../source/display_driver.sv"/>
        <Attr Name="ImportTime" Val="1743479812"/>
        <Attr Name="UsedIn" Val="synthesis"/>
        <Attr Name="UsedIn" Val="implementation"/>
        <Attr Name="UsedIn" Val="simulation"/>
      </FileInfo>
    </File>
    <File Path="$PSRCDIR/sources_1/imports/source/edge_detector.sv">
      <FileInfo>
        <Attr Name="ImportPath" Val="$PPRDIR/../source/edge_detector.sv"/>
        <Attr Name="ImportTime" Val="1743479812"/>
        <Attr Name="UsedIn" Val="synthesis"/>
        <Attr Name="UsedIn" Val="implementation"/>
        <Attr Name="UsedIn" Val="simulation"/>
      </FileInfo>
    </File>
    <File Path="$PSRCDIR/sources_1/imports/source/fifo.sv">
      <FileInfo>
        <Attr Name="ImportPath" Val="$PPRDIR/../source/fifo.sv"/>
        <Attr Name="ImportTime" Val="1743479812"/>
        <Attr Name="UsedIn" Val="synthesis"/>
        <Attr Name="UsedIn" Val="implementation"/>
        <Attr Name="UsedIn" Val="simulation"/>
      </FileInfo>
    </File>
    <File Path="$PSRCDIR/sources_1/imports/source/fsm.sv">
      <FileInfo>
        <Attr Name="ImportPath" Val="$PPRDIR/../source/fsm.sv"/>
        <Attr Name="ImportTime" Val="1743479812"/>
        <Attr Name="UsedIn" Val="synthesis"/>
        <Attr Name="UsedIn" Val="implementation"/>
        <Attr Name="UsedIn" Val="simulation"/>
      </FileInfo>
    </File>
    <File Path="$PSRCDIR/sources_1/imports/source/multi_seven_seg.sv">
      <FileInfo>
        <Attr Name="ImportPath" Val="$PPRDIR/../source/multi_seven_seg.sv"/>
        <Attr Name="ImportTime" Val="1743479812"/>
        <Attr Name="UsedIn" Val="synthesis"/>
        <Attr Name="UsedIn" Val="implementation"/>
        <Attr Name="UsedIn" Val="simulation"/>
      </FileInfo>
    </File>
    <File Path="$PSRCDIR/sources_1/imports/source/pipeline.sv">
      <FileInfo>
        <Attr Name="ImportPath" Val="$PPRDIR/../source/pipeline.sv"/>
        <Attr Name="ImportTime" Val="1743479812"/>
        <Attr Name="UsedIn" Val="synthesis"/>
        <Attr Name="UsedIn" Val="implementation"/>
        <Attr Name="UsedIn" Val="simulation"/>
      </FileInfo>
    </File>
    <File Path="$PSRCDIR/sources_1/imports/source/regfile.sv">
      <FileInfo>
        <Attr Name="ImportPath" Val="$PPRDIR/../source/regfile.sv"/>
        <Attr Name="ImportTime" Val="1743479812"/>
        <Attr Name="UsedIn" Val="synthesis"/>
        <Attr Name="UsedIn" Val="implementation"/>
        <Attr Name="UsedIn" Val="simulation"/>
      </FileInfo>
    </File>
    <File Path="$PSRCDIR/sources_1/imports/source/reset_conditioner.sv">
      <FileInfo>
        <Attr Name="ImportPath" Val="$PPRDIR/../source/reset_conditioner.sv"/>
        <Attr Name="ImportTime" Val="1743479812"/>
        <Attr Name="UsedIn" Val="synthesis"/>
        <Attr Name="UsedIn" Val="implementation"/>
        <Attr Name="UsedIn" Val="simulation"/>
      </FileInfo>
    </File>
    <File Path="$PSRCDIR/sources_1/imports/source/alchitry_top.sv">
      <FileInfo>
        <Attr Name="ImportPath" Val="$PPRDIR/../source/alchitry_top.sv"/>
        <Attr Name="ImportTime" Val="1743479812"/>
        <Attr Name="UsedIn" Val="synthesis"/>
        <Attr Name="UsedIn" Val="implementation"/>
        <Attr Name="UsedIn" Val="simulation"/>
      </FileInfo>
    </File>
    <File Path="$PSRCDIR/sources_1/imports/source/decoder.sv">
      <FileInfo>
        <Attr Name="AutoDisabled" Val="1"/>
        <Attr Name="ImportPath" Val="$PPRDIR/../source/decoder.sv"/>
        <Attr Name="ImportTime" Val="1743479812"/>
        <Attr Name="UsedIn" Val="synthesis"/>
        <Attr Name="UsedIn" Val="implementation"/>
        <Attr Name="UsedIn" Val="simulation"/>
      </FileInfo>
    </File>
    <File Path="$PSRCDIR/sources_1/imports/source/seven_seg.sv">
      <FileInfo>
        <Attr Name="AutoDisabled" Val="1"/>
        <Attr Name="ImportPath" Val="$PPRDIR/../source/seven_seg.sv"/>
        <Attr Name="ImportTime" Val="1743479812"/>
        <Attr Name="UsedIn" Val="synthesis"/>
        <Attr Name="UsedIn" Val="implementation"/>
        <Attr Name="UsedIn" Val="simulation"/>
      </FileInfo>
    </File>
    <File Path="$PSRCDIR/sources_1/imports/source/lucid_globals.sv">
      <FileInfo>
        <Attr Name="AutoDisabled" Val="1"/>
        <Attr Name="ImportPath" Val="$PPRDIR/../source/lucid_globals.sv"/>
        <Attr Name="ImportTime" Val="1743479812"/>
        <Attr Name="UsedIn" Val="synthesis"/>
        <Attr Name="UsedIn" Val="implementation"/>
        <Attr Name="UsedIn" Val="simulation"/>
      </FileInfo>
    </File>
    <Config>
      <Option Name="DesignMode" Val="RTL"/>
      <Option Name="TopModule" Val="alchitry_top"/>
      <Option Name="TopAutoSet" Val="TRUE"/>
    </Config>
  </FileSet>
  <FileSet Name="constrs_in" Type="Constrs" RelSrcDir="$PSRCDIR/constrs_1" RelGenDir="$PGENDIR/constrs_1">
    <Filter Type="Constrs"/>
    <File Path="$PPRDIR/../constraint/alchitry.xdc">
      <FileInfo>
        <Attr Name="UsedIn" Val="synthesis"/>
        <Attr Name="UsedIn" Val="implementation"/>
      </FileInfo>
    </File>
    <File Path="$PPRDIR/../constraint/au_props.xdc">
      <FileInfo>
        <Attr Name="UsedIn" Val="synthesis"/>
        <Attr Name="UsedIn" Val="implementation"/>
      </FileInfo>
    </File>
    <Config>
      <Option Name="ConstrsType" Val="XDC"/>
    </Config>
  </FileSet>
  <FileSet Name="utils" Type="Utils" RelSrcDir="$PSRCDIR/utils_1" RelGenDir="$PGENDIR/utils_1">
    <Filter Type="Utils"/>
    <Config>
      <Option Name="TopAutoSet" Val="TRUE"/>
    </Config>
  </FileSet>
  <Strategy Version="1" Minor="2">
    <StratHandle Name="Vivado Synthesis Defaults" Flow="Vivado Synthesis 2024">
      <Desc>Vivado Synthesis Defaults</Desc>
    </StratHandle>
    <Step Id="synth_design"/>
  </Strategy>
</GenRun>
